{"v":"5.1.1","fr":25,"ip":0,"op":73,"w":358,"h":512,"nm":"transfusion","ddd":0,"assets":[],"layers":[{"ddd":0,"ind":1,"ty":4,"nm":"Camada de forma 2","sr":1,"ks":{"o":{"a":0,"k":100,"ix":11},"r":{"a":0,"k":0,"ix":10},"p":{"a":0,"k":[160.5,107.5,0],"ix":2},"a":{"a":0,"k":[-19,-119.5,0],"ix":1},"s":{"a":0,"k":[100,30.576,100],"ix":6}},"ao":0,"shapes":[{"ty":"gr","it":[{"ty":"rc","d":1,"s":{"a":0,"k":[201,132],"ix":2},"p":{"a":0,"k":[0,0],"ix":3},"r":{"a":0,"k":0,"ix":4},"nm":"Caminho do retângulo 1","mn":"ADBE Vector Shape - Rect","hd":false},{"ty":"fl","c":{"a":0,"k":[1,1,1,1],"ix":4},"o":{"a":0,"k":100,"ix":5},"r":1,"nm":"Preenchimento 1","mn":"ADBE Vector Graphic - Fill","hd":false},{"ty":"tr","p":{"a":0,"k":[-19,-119.5],"ix":2},"a":{"a":0,"k":[0,0],"ix":1},"s":{"a":0,"k":[100,100],"ix":3},"r":{"a":0,"k":0,"ix":6},"o":{"a":0,"k":100,"ix":7},"sk":{"a":0,"k":0,"ix":4},"sa":{"a":0,"k":0,"ix":5},"nm":"Transformar"}],"nm":"Retângulo 1","np":3,"cix":2,"ix":1,"mn":"ADBE Vector Group","hd":false}],"ip":0,"op":120,"st":0,"bm":0},{"ddd":0,"ind":2,"ty":4,"nm":"Camada de forma 1","sr":1,"ks":{"o":{"a":0,"k":100,"ix":11},"r":{"a":0,"k":0,"ix":10},"p":{"a":0,"k":[158.157,109.74,0],"ix":2},"a":{"a":0,"k":[-20.843,-149.87,0],"ix":1},"s":{"a":0,"k":[100,60.124,100],"ix":6}},"ao":0,"shapes":[{"ty":"gr","it":[{"ind":0,"ty":"sh","ix":1,"ks":{"a":1,"k":[{"i":{"x":0.6,"y":1},"o":{"x":0.4,"y":0},"n":"0p6_1_0p4_0","t":0,"s":[{"i":[[0,21.25],[193,-60.783],[0,0],[0,0]],"o":[[-138.75,34.271],[-11.106,1.167],[0,0],[0,0]],"v":[[142.25,-163.75],[-179,-163.5],[-179,-130],[142.25,-119.5]],"c":true}],"e":[{"i":[[0,36.765],[170,48.158],[0,0],[0,0]],"o":[[-160.75,-60.533],[-11.106,1.167],[0,0],[0,0]],"v":[[142.25,-163.75],[-179,-163.5],[-179,-130],[142.25,-119.5]],"c":true}]},{"i":{"x":0.6,"y":1},"o":{"x":0.4,"y":0},"n":"0p6_1_0p4_0","t":19,"s":[{"i":[[0,36.765],[170,48.158],[0,0],[0,0]],"o":[[-160.75,-60.533],[-11.106,1.167],[0,0],[0,0]],"v":[[142.25,-163.75],[-179,-163.5],[-179,-130],[142.25,-119.5]],"c":true}],"e":[{"i":[[0,21.25],[193,-60.783],[0,0],[0,0]],"o":[[-138.75,34.271],[-11.106,1.167],[0,0],[0,0]],"v":[[142.25,-163.75],[-179,-163.5],[-179,-130],[142.25,-119.5]],"c":true}]},{"i":{"x":0.6,"y":1},"o":{"x":0.167,"y":0},"n":"0p6_1_0p167_0","t":38,"s":[{"i":[[0,21.25],[193,-60.783],[0,0],[0,0]],"o":[[-138.75,34.271],[-11.106,1.167],[0,0],[0,0]],"v":[[142.25,-163.75],[-179,-163.5],[-179,-130],[142.25,-119.5]],"c":true}],"e":[{"i":[[0,36.765],[170,48.158],[0,0],[0,0]],"o":[[-160.75,-60.533],[-11.106,1.167],[0,0],[0,0]],"v":[[142.25,-163.75],[-179,-163.5],[-179,-130],[142.25,-119.5]],"c":true}]},{"i":{"x":0.6,"y":1},"o":{"x":0.4,"y":0},"n":"0p6_1_0p4_0","t":54,"s":[{"i":[[0,36.765],[170,48.158],[0,0],[0,0]],"o":[[-160.75,-60.533],[-11.106,1.167],[0,0],[0,0]],"v":[[142.25,-163.75],[-179,-163.5],[-179,-130],[142.25,-119.5]],"c":true}],"e":[{"i":[[0,21.25],[193,-60.783],[0,0],[0,0]],"o":[[-138.75,34.271],[-11.106,1.167],[0,0],[0,0]],"v":[[142.25,-163.75],[-179,-163.5],[-179,-130],[142.25,-119.5]],"c":true}]},{"t":73}],"ix":2},"nm":"Caminho 1","mn":"ADBE Vector Shape - Group","hd":false},{"ty":"fl","c":{"a":0,"k":[0.980392216701,0.098039223166,0.109803929048,1],"ix":4},"o":{"a":0,"k":100,"ix":5},"r":1,"nm":"Preenchimento 1","mn":"ADBE Vector Graphic - Fill","hd":false},{"ty":"tr","p":{"a":0,"k":[0,0],"ix":2},"a":{"a":0,"k":[0,0],"ix":1},"s":{"a":0,"k":[100,100],"ix":3},"r":{"a":0,"k":0,"ix":6},"o":{"a":0,"k":100,"ix":7},"sk":{"a":0,"k":0,"ix":4},"sa":{"a":0,"k":0,"ix":5},"nm":"Transformar"}],"nm":"Forma 1","np":3,"cix":2,"ix":1,"mn":"ADBE Vector Group","hd":false}],"ip":0,"op":120,"st":0,"bm":0},{"ddd":0,"ind":3,"ty":4,"nm":"transfusion contornos","sr":1,"ks":{"o":{"a":0,"k":100,"ix":11},"r":{"a":0,"k":0,"ix":10},"p":{"a":0,"k":[179,256,0],"ix":2},"a":{"a":0,"k":[179,256,0],"ix":1},"s":{"a":0,"k":[100,100,100],"ix":6}},"ao":0,"shapes":[{"ty":"gr","it":[{"ind":0,"ty":"sh","ix":1,"ks":{"a":0,"k":{"i":[[5.655,0],[0,0],[0,0],[0,0],[0,5.655],[0,0],[0,0],[0,0]],"o":[[0,0],[0,0],[0,0],[-5.655,0],[0,0],[0,0],[0,0],[-0.001,5.655]],"v":[[22.027,20.81],[15,20.81],[-15.003,20.81],[-22.027,20.81],[-32.266,10.571],[-32.266,-20.81],[32.267,-20.81],[32.267,10.571]],"c":true},"ix":2},"nm":"Caminho 1","mn":"ADBE Vector Shape - Group","hd":false},{"ty":"fl","c":{"a":0,"k":[0.78088612276,0.064297515271,0.068012499342,1],"ix":4},"o":{"a":0,"k":100,"ix":5},"r":1,"nm":"Preenchimento 1","mn":"ADBE Vector Graphic - Fill","hd":false},{"ty":"tr","p":{"a":0,"k":[228.96,407.443],"ix":2},"a":{"a":0,"k":[0,0],"ix":1},"s":{"a":0,"k":[100,100],"ix":3},"r":{"a":0,"k":0,"ix":6},"o":{"a":0,"k":100,"ix":7},"sk":{"a":0,"k":0,"ix":4},"sa":{"a":0,"k":0,"ix":5},"nm":"Transformar"}],"nm":"Grupo 1","np":2,"cix":2,"ix":1,"mn":"ADBE Vector Group","hd":false},{"ty":"gr","it":[{"ind":0,"ty":"sh","ix":1,"ks":{"a":0,"k":{"i":[[5.655,0],[0,0],[0,0],[0,0],[0,5.655],[0,0],[0,0],[0,0]],"o":[[0,0],[0,0],[0,0],[-5.655,0],[0,0],[0,0],[0,0],[-0.001,5.655]],"v":[[22.027,20.81],[15.001,20.81],[-15.001,20.81],[-22.027,20.81],[-32.267,10.571],[-32.267,-20.81],[32.267,-20.81],[32.267,10.571]],"c":true},"ix":2},"nm":"Caminho 1","mn":"ADBE Vector Shape - Group","hd":false},{"ty":"fl","c":{"a":0,"k":[0.78088612276,0.064297515271,0.068012499342,1],"ix":4},"o":{"a":0,"k":100,"ix":5},"r":1,"nm":"Preenchimento 1","mn":"ADBE Vector Graphic - Fill","hd":false},{"ty":"tr","p":{"a":0,"k":[92.162,407.443],"ix":2},"a":{"a":0,"k":[0,0],"ix":1},"s":{"a":0,"k":[100,100],"ix":3},"r":{"a":0,"k":0,"ix":6},"o":{"a":0,"k":100,"ix":7},"sk":{"a":0,"k":0,"ix":4},"sa":{"a":0,"k":0,"ix":5},"nm":"Transformar"}],"nm":"Grupo 2","np":2,"cix":2,"ix":2,"mn":"ADBE Vector Group","hd":false},{"ty":"gr","it":[{"ind":0,"ty":"sh","ix":1,"ks":{"a":0,"k":{"i":[[5.329,0],[0,0],[0,5.33],[0,0],[-5.33,0],[0,0],[0,-5.33],[0,0]],"o":[[0,0],[-5.329,0],[0,0],[0,-5.329],[0,0],[5.329,0],[0,0],[-0.001,5.33]],"v":[[22.617,22.708],[-22.616,22.708],[-32.267,13.059],[-32.267,-13.059],[-22.616,-22.708],[22.617,-22.708],[32.267,-13.059],[32.267,13.059]],"c":true},"ix":2},"nm":"Caminho 1","mn":"ADBE Vector Shape - Group","hd":false},{"ty":"fl","c":{"a":0,"k":[0.457283708161,0.670155184877,0.81598887724,1],"ix":4},"o":{"a":0,"k":100,"ix":5},"r":1,"nm":"Preenchimento 1","mn":"ADBE Vector Graphic - Fill","hd":false},{"ty":"tr","p":{"a":0,"k":[92.162,489.292],"ix":2},"a":{"a":0,"k":[0,0],"ix":1},"s":{"a":0,"k":[100,100],"ix":3},"r":{"a":0,"k":0,"ix":6},"o":{"a":0,"k":100,"ix":7},"sk":{"a":0,"k":0,"ix":4},"sa":{"a":0,"k":0,"ix":5},"nm":"Transformar"}],"nm":"Grupo 3","np":2,"cix":2,"ix":3,"mn":"ADBE Vector Group","hd":false},{"ty":"gr","it":[{"ind":0,"ty":"sh","ix":1,"ks":{"a":0,"k":{"i":[[0,0],[0,0],[0,0],[0,0]],"o":[[0,0],[0,0],[0,0],[0,0]],"v":[[-100.665,-7.5],[100.665,-7.5],[100.665,7.5],[-100.665,7.5]],"c":true},"ix":2},"nm":"Caminho 1","mn":"ADBE Vector Shape - Group","hd":false},{"ty":"fl","c":{"a":0,"k":[0.686796180875,0.690748865464,0.669700413124,1],"ix":4},"o":{"a":0,"k":100,"ix":5},"r":1,"nm":"Preenchimento 1","mn":"ADBE Vector Graphic - Fill","hd":false},{"ty":"tr","p":{"a":0,"k":[160.56,222.68],"ix":2},"a":{"a":0,"k":[0,0],"ix":1},"s":{"a":0,"k":[100,100],"ix":3},"r":{"a":0,"k":0,"ix":6},"o":{"a":0,"k":100,"ix":7},"sk":{"a":0,"k":0,"ix":4},"sa":{"a":0,"k":0,"ix":5},"nm":"Transformar"}],"nm":"Grupo 4","np":2,"cix":2,"ix":4,"mn":"ADBE Vector Group","hd":false},{"ty":"gr","it":[{"ind":0,"ty":"sh","ix":1,"ks":{"a":0,"k":{"i":[[4.143,0],[0,4.142],[0,0],[-4.143,0],[0,-4.142],[0,0]],"o":[[-4.143,0],[0,0],[0,-4.142],[4.143,0],[0,0],[0,4.142]],"v":[[0,12.035],[-7.5,4.535],[-7.5,-4.535],[0,-12.035],[7.5,-4.535],[7.5,4.535]],"c":true},"ix":2},"nm":"Caminho 1","mn":"ADBE Vector Shape - Group","hd":false},{"ty":"fl","c":{"a":0,"k":[0.193797736074,0.19626195571,0.235589016185,1],"ix":4},"o":{"a":0,"k":100,"ix":5},"r":1,"nm":"Preenchimento 1","mn":"ADBE Vector Graphic - Fill","hd":false},{"ty":"tr","p":{"a":0,"k":[214.289,140.36],"ix":2},"a":{"a":0,"k":[0,0],"ix":1},"s":{"a":1,"k":[{"i":{"x":[0.833,0.833],"y":[0.833,0.833]},"o":{"x":[0.167,0.167],"y":[0.167,0.167]},"n":["0p833_0p833_0p167_0p167","0p833_0p833_0p167_0p167"],"t":16,"s":[100,100],"e":[100,5]},{"i":{"x":[0.833,0.833],"y":[0.833,0.833]},"o":{"x":[0.167,0.167],"y":[0.167,0.167]},"n":["0p833_0p833_0p167_0p167","0p833_0p833_0p167_0p167"],"t":18,"s":[100,5],"e":[100,100]},{"i":{"x":[0.833,0.833],"y":[0.833,0.833]},"o":{"x":[0.167,0.167],"y":[0.167,0.167]},"n":["0p833_0p833_0p167_0p167","0p833_0p833_0p167_0p167"],"t":20,"s":[100,100],"e":[100,5]},{"i":{"x":[0.833,0.833],"y":[0.833,0.833]},"o":{"x":[0.167,0.167],"y":[0.167,0.167]},"n":["0p833_0p833_0p167_0p167","0p833_0p833_0p167_0p167"],"t":22,"s":[100,5],"e":[100,100]},{"t":24}],"ix":3},"r":{"a":0,"k":0,"ix":6},"o":{"a":0,"k":100,"ix":7},"sk":{"a":0,"k":0,"ix":4},"sa":{"a":0,"k":0,"ix":5},"nm":"Transformar"}],"nm":"Grupo 5","np":2,"cix":2,"ix":5,"mn":"ADBE Vector Group","hd":false},{"ty":"gr","it":[{"ind":0,"ty":"sh","ix":1,"ks":{"a":0,"k":{"i":[[8.454,0],[0,0],[0,8.454],[0,0],[-2.308,0],[0,0],[0,-2.308],[0,0]],"o":[[0,0],[-8.454,0],[0,0],[0,-2.308],[0,0],[2.308,0],[0,0],[-0.001,8.454]],"v":[[-0.001,15.307],[-0.001,15.307],[-15.308,0],[-15.308,-11.129],[-11.129,-15.307],[11.128,-15.307],[15.307,-11.129],[15.307,0]],"c":true},"ix":2},"nm":"Caminho 1","mn":"ADBE Vector Shape - Group","hd":false},{"ty":"fl","c":{"a":0,"k":[0.193797736074,0.19626195571,0.235589016185,1],"ix":4},"o":{"a":0,"k":100,"ix":5},"r":1,"nm":"Preenchimento 1","mn":"ADBE Vector Graphic - Fill","hd":false},{"ty":"tr","p":{"a":0,"k":[160.561,151.833],"ix":2},"a":{"a":0,"k":[0,0],"ix":1},"s":{"a":0,"k":[100,100],"ix":3},"r":{"a":0,"k":0,"ix":6},"o":{"a":0,"k":100,"ix":7},"sk":{"a":0,"k":0,"ix":4},"sa":{"a":0,"k":0,"ix":5},"nm":"Transformar"}],"nm":"Grupo 6","np":2,"cix":2,"ix":6,"mn":"ADBE Vector Group","hd":false},{"ty":"gr","it":[{"ind":0,"ty":"sh","ix":1,"ks":{"a":0,"k":{"i":[[4.143,0],[0,4.142],[0,0],[-4.143,0],[0,-4.142],[0,0]],"o":[[-4.143,0],[0,0],[0,-4.142],[4.143,0],[0,0],[0,4.142]],"v":[[0,12.035],[-7.5,4.535],[-7.5,-4.535],[0,-12.035],[7.5,-4.535],[7.5,4.535]],"c":true},"ix":2},"nm":"Caminho 1","mn":"ADBE Vector Shape - Group","hd":false},{"ty":"fl","c":{"a":0,"k":[0.193797736074,0.19626195571,0.235589016185,1],"ix":4},"o":{"a":0,"k":100,"ix":5},"r":1,"nm":"Preenchimento 1","mn":"ADBE Vector Graphic - Fill","hd":false},{"ty":"tr","p":{"a":0,"k":[106.832,140.36],"ix":2},"a":{"a":0,"k":[0,0],"ix":1},"s":{"a":1,"k":[{"i":{"x":[0.833,0.833],"y":[0.833,0.833]},"o":{"x":[0.167,0.167],"y":[0.167,0.167]},"n":["0p833_0p833_0p167_0p167","0p833_0p833_0p167_0p167"],"t":16,"s":[100,100],"e":[100,5]},{"i":{"x":[0.833,0.833],"y":[0.833,0.833]},"o":{"x":[0.167,0.167],"y":[0.167,0.167]},"n":["0p833_0p833_0p167_0p167","0p833_0p833_0p167_0p167"],"t":18,"s":[100,5],"e":[100,100]},{"i":{"x":[0.833,0.833],"y":[0.833,0.833]},"o":{"x":[0.167,0.167],"y":[0.167,0.167]},"n":["0p833_0p833_0p167_0p167","0p833_0p833_0p167_0p167"],"t":20,"s":[100,100],"e":[100,5]},{"i":{"x":[0.833,0.833],"y":[0.833,0.833]},"o":{"x":[0.167,0.167],"y":[0.167,0.167]},"n":["0p833_0p833_0p167_0p167","0p833_0p833_0p167_0p167"],"t":22,"s":[100,5],"e":[100,100]},{"t":24}],"ix":3},"r":{"a":0,"k":0,"ix":6},"o":{"a":0,"k":100,"ix":7},"sk":{"a":0,"k":0,"ix":4},"sa":{"a":0,"k":0,"ix":5},"nm":"Transformar"}],"nm":"Grupo 7","np":2,"cix":2,"ix":7,"mn":"ADBE Vector Group","hd":false},{"ty":"gr","it":[{"ind":0,"ty":"sh","ix":1,"ks":{"a":0,"k":{"i":[[-11.669,0],[0,-9.292],[11.669,0],[0,9.292]],"o":[[11.669,0],[0,9.292],[-11.669,0],[0,-9.292]],"v":[[0,-16.825],[21.13,0],[0,16.825],[-21.13,0]],"c":true},"ix":2},"nm":"Caminho 1","mn":"ADBE Vector Shape - Group","hd":false},{"ty":"fl","c":{"a":0,"k":[0.984266692517,0.439627613741,0.35079647887,1],"ix":4},"o":{"a":0,"k":100,"ix":5},"r":1,"nm":"Preenchimento 1","mn":"ADBE Vector Graphic - Fill","hd":false},{"ty":"tr","p":{"a":0,"k":[217.825,164.76],"ix":2},"a":{"a":0,"k":[0,0],"ix":1},"s":{"a":0,"k":[100,100],"ix":3},"r":{"a":0,"k":0,"ix":6},"o":{"a":0,"k":100,"ix":7},"sk":{"a":0,"k":0,"ix":4},"sa":{"a":0,"k":0,"ix":5},"nm":"Transformar"}],"nm":"Grupo 8","np":2,"cix":2,"ix":8,"mn":"ADBE Vector Group","hd":false},{"ty":"gr","it":[{"ind":0,"ty":"sh","ix":1,"ks":{"a":0,"k":{"i":[[-3.276,0],[0,-9.292],[11.67,0],[0,9.292],[-7.091,2.715]],"o":[[11.67,0],[0,9.292],[-11.67,0],[0,-6.684],[2.767,-1.059]],"v":[[0,-16.825],[21.13,0],[0,16.825],[-21.13,0],[-9.144,-15.172]],"c":true},"ix":2},"nm":"Caminho 1","mn":"ADBE Vector Shape - Group","hd":false},{"ty":"fl","c":{"a":0,"k":[0.984266692517,0.439627613741,0.35079647887,1],"ix":4},"o":{"a":0,"k":100,"ix":5},"r":1,"nm":"Preenchimento 1","mn":"ADBE Vector Graphic - Fill","hd":false},{"ty":"tr","p":{"a":0,"k":[103.295,164.76],"ix":2},"a":{"a":0,"k":[0,0],"ix":1},"s":{"a":0,"k":[100,100],"ix":3},"r":{"a":0,"k":0,"ix":6},"o":{"a":0,"k":100,"ix":7},"sk":{"a":0,"k":0,"ix":4},"sa":{"a":0,"k":0,"ix":5},"nm":"Transformar"}],"nm":"Grupo 9","np":2,"cix":2,"ix":9,"mn":"ADBE Vector Group","hd":false},{"ty":"gr","it":[{"ind":0,"ty":"sh","ix":1,"ks":{"a":0,"k":{"i":[[4.143,0],[0,0],[0,4.142],[-4.143,0],[0,0],[0,-4.142]],"o":[[0,0],[-4.143,0],[0,-4.142],[0,0],[4.143,0],[0,4.142]],"v":[[14.003,7.5],[-14.002,7.5],[-21.503,0],[-14.002,-7.5],[14.003,-7.5],[21.503,0]],"c":true},"ix":2},"nm":"Caminho 1","mn":"ADBE Vector Shape - Group","hd":false},{"ty":"fl","c":{"a":0,"k":[0.193797736074,0.19626195571,0.235589016185,1],"ix":4},"o":{"a":0,"k":100,"ix":5},"r":1,"nm":"Preenchimento 1","mn":"ADBE Vector Graphic - Fill","hd":false},{"ty":"tr","p":{"a":0,"k":[120.127,288.122],"ix":2},"a":{"a":0,"k":[0,0],"ix":1},"s":{"a":0,"k":[100,100],"ix":3},"r":{"a":0,"k":0,"ix":6},"o":{"a":0,"k":100,"ix":7},"sk":{"a":0,"k":0,"ix":4},"sa":{"a":0,"k":0,"ix":5},"nm":"Transformar"}],"nm":"Grupo 10","np":2,"cix":2,"ix":10,"mn":"ADBE Vector Group","hd":false},{"ty":"gr","it":[{"ind":0,"ty":"sh","ix":1,"ks":{"a":0,"k":{"i":[[0.951,0],[1.193,2.896],[0,0],[0,0],[3.832,1.579],[-1.578,3.83],[0,0],[-3.04,0],[-1.158,-2.81],[0,0],[3.83,-1.578]],"o":[[-2.949,0],[0,0],[0,0],[-1.577,3.83],[-3.83,-1.578],[0,0],[1.157,-2.81],[3.039,0],[0,0],[1.578,3.83],[-0.936,0.386]],"v":[[17.002,27.632],[10.064,22.986],[-0.001,-1.45],[-10.066,22.986],[-19.857,27.064],[-23.935,17.273],[-6.935,-23.999],[0,-28.643],[6.935,-23.999],[23.935,17.273],[19.857,27.064]],"c":true},"ix":2},"nm":"Caminho 1","mn":"ADBE Vector Shape - Group","hd":false},{"ty":"fl","c":{"a":0,"k":[0.193797736074,0.19626195571,0.235589016185,1],"ix":4},"o":{"a":0,"k":100,"ix":5},"r":1,"nm":"Preenchimento 1","mn":"ADBE Vector Graphic - Fill","hd":false},{"ty":"tr","p":{"a":0,"k":[120.128,275.27],"ix":2},"a":{"a":0,"k":[0,0],"ix":1},"s":{"a":0,"k":[100,100],"ix":3},"r":{"a":0,"k":0,"ix":6},"o":{"a":0,"k":100,"ix":7},"sk":{"a":0,"k":0,"ix":4},"sa":{"a":0,"k":0,"ix":5},"nm":"Transformar"}],"nm":"Grupo 11","np":2,"cix":2,"ix":11,"mn":"ADBE Vector Group","hd":false},{"ty":"gr","it":[{"ind":0,"ty":"sh","ix":1,"ks":{"a":0,"k":{"i":[[4.144,0],[0,0],[0,4.142],[-4.143,0],[0,0],[0,-4.142]],"o":[[0,0],[-4.143,0],[0,-4.142],[0,0],[4.144,0],[0,4.142]],"v":[[17.38,7.5],[-17.38,7.5],[-24.88,0],[-17.38,-7.5],[17.38,-7.5],[24.88,0]],"c":true},"ix":2},"nm":"Caminho 1","mn":"ADBE Vector Shape - Group","hd":false},{"ty":"fl","c":{"a":0,"k":[0.193797736074,0.19626195571,0.235589016185,1],"ix":4},"o":{"a":0,"k":100,"ix":5},"r":1,"nm":"Preenchimento 1","mn":"ADBE Vector Graphic - Fill","hd":false},{"ty":"tr","p":{"a":0,"k":[200.613,289.214],"ix":2},"a":{"a":0,"k":[0,0],"ix":1},"s":{"a":0,"k":[100,100],"ix":3},"r":{"a":0,"k":0,"ix":6},"o":{"a":0,"k":100,"ix":7},"sk":{"a":0,"k":0,"ix":4},"sa":{"a":0,"k":0,"ix":5},"nm":"Transformar"}],"nm":"Grupo 12","np":2,"cix":2,"ix":12,"mn":"ADBE Vector Group","hd":false},{"ty":"gr","it":[{"ind":0,"ty":"sh","ix":1,"ks":{"a":0,"k":{"i":[[4.144,0],[0,0],[0,4.142],[-4.143,0],[0,0],[0,-4.142]],"o":[[0,0],[-4.143,0],[0,-4.142],[0,0],[4.144,0],[0,4.142]],"v":[[17.38,7.5],[-17.38,7.5],[-24.88,0],[-17.38,-7.5],[17.38,-7.5],[24.88,0]],"c":true},"ix":2},"nm":"Caminho 1","mn":"ADBE Vector Shape - Group","hd":false},{"ty":"fl","c":{"a":0,"k":[0.193797736074,0.19626195571,0.235589016185,1],"ix":4},"o":{"a":0,"k":100,"ix":5},"r":1,"nm":"Preenchimento 1","mn":"ADBE Vector Graphic - Fill","hd":false},{"ty":"tr","p":{"a":0,"k":[200.613,260.788],"ix":2},"a":{"a":0,"k":[0,0],"ix":1},"s":{"a":0,"k":[100,100],"ix":3},"r":{"a":0,"k":0,"ix":6},"o":{"a":0,"k":100,"ix":7},"sk":{"a":0,"k":0,"ix":4},"sa":{"a":0,"k":0,"ix":5},"nm":"Transformar"}],"nm":"Grupo 13","np":2,"cix":2,"ix":13,"mn":"ADBE Vector Group","hd":false},{"ty":"gr","it":[{"ind":0,"ty":"sh","ix":1,"ks":{"a":0,"k":{"i":[[5.182,0],[0,0],[0,-5.181],[0,0],[-5.181,0],[0,0],[0,5.181],[0,0]],"o":[[0,0],[-5.182,0],[0,0],[0,5.182],[0,0],[5.182,0],[0,0],[0,-5.182]],"v":[[91.282,-133.536],[-91.283,-133.536],[-100.665,-124.153],[-100.665,124.154],[-91.283,133.536],[91.282,133.536],[100.665,124.154],[100.665,-124.153]],"c":true},"ix":2},"nm":"Caminho 1","mn":"ADBE Vector Shape - Group","hd":false},{"ty":"fl","c":{"a":0,"k":[0.999999820485,0.999999760646,0.999999820485,1],"ix":4},"o":{"a":0,"k":100,"ix":5},"r":1,"nm":"Preenchimento 1","mn":"ADBE Vector Graphic - Fill","hd":false},{"ty":"tr","p":{"a":0,"k":[160.561,193.316],"ix":2},"a":{"a":0,"k":[0,0],"ix":1},"s":{"a":0,"k":[100,100],"ix":3},"r":{"a":0,"k":0,"ix":6},"o":{"a":0,"k":100,"ix":7},"sk":{"a":0,"k":0,"ix":4},"sa":{"a":0,"k":0,"ix":5},"nm":"Transformar"}],"nm":"Grupo 14","np":2,"cix":2,"ix":14,"mn":"ADBE Vector Group","hd":false},{"ty":"gr","it":[{"ind":0,"ty":"sh","ix":1,"ks":{"a":0,"k":{"i":[[25.207,0],[0,0],[0,25.207],[0,0],[0,0],[0,0]],"o":[[0,0],[-25.207,0],[0,0],[0,0],[0,0],[0,25.207]],"v":[[114.92,132.864],[-114.92,132.864],[-160.561,87.223],[-160.561,-132.864],[160.561,-132.864],[160.561,87.223]],"c":true},"ix":2},"nm":"Caminho 1","mn":"ADBE Vector Shape - Group","hd":false},{"ty":"mm","mm":4,"nm":"Mesclar caminhos 1","mn":"ADBE Vector Filter - Merge","hd":false},{"ty":"fl","c":{"a":0,"k":[0.980422375249,0.096572554345,0.108960656559,1],"ix":4},"o":{"a":0,"k":100,"ix":5},"r":1,"nm":"Preenchimento 1","mn":"ADBE Vector Graphic - Fill","hd":false},{"ty":"tr","p":{"a":0,"k":[160.561,253.769],"ix":2},"a":{"a":0,"k":[0,0],"ix":1},"s":{"a":0,"k":[100,100],"ix":3},"r":{"a":0,"k":0,"ix":6},"o":{"a":0,"k":100,"ix":7},"sk":{"a":0,"k":0,"ix":4},"sa":{"a":0,"k":0,"ix":5},"nm":"Transformar"}],"nm":"Grupo 15","np":3,"cix":2,"ix":15,"mn":"ADBE Vector Group","hd":false},{"ty":"gr","it":[{"ind":0,"ty":"sh","ix":1,"ks":{"a":0,"k":{"i":[[25.207,0],[0,0],[0,25.207],[0,0],[-25.207,0],[0,0],[0,-25.207],[0,0]],"o":[[0,0],[-25.207,0],[0,0],[0,-25.207],[0,0],[25.207,0],[0,0],[0,25.207]],"v":[[114.92,193.316],[-114.92,193.316],[-160.561,147.675],[-160.561,-147.675],[-114.92,-193.316],[114.92,-193.316],[160.561,-147.675],[160.561,147.675]],"c":true},"ix":2},"nm":"Caminho 1","mn":"ADBE Vector Shape - Group","hd":false},{"ty":"mm","mm":4,"nm":"Mesclar caminhos 1","mn":"ADBE Vector Filter - Merge","hd":false},{"ty":"fl","c":{"a":0,"k":[0.675596828087,0.87852489995,0.927169919481,1],"ix":4},"o":{"a":0,"k":100,"ix":5},"r":1,"nm":"Preenchimento 1","mn":"ADBE Vector Graphic - Fill","hd":false},{"ty":"tr","p":{"a":0,"k":[160.561,193.316],"ix":2},"a":{"a":0,"k":[0,0],"ix":1},"s":{"a":0,"k":[100,100],"ix":3},"r":{"a":0,"k":0,"ix":6},"o":{"a":0,"k":100,"ix":7},"sk":{"a":0,"k":0,"ix":4},"sa":{"a":0,"k":0,"ix":5},"nm":"Transformar"}],"nm":"Grupo 16","np":3,"cix":2,"ix":16,"mn":"ADBE Vector Group","hd":false},{"ty":"gr","it":[{"ind":0,"ty":"sh","ix":1,"ks":{"a":0,"k":{"i":[[5.655,0],[0,0],[0,5.655],[0,0],[0,0],[0,0]],"o":[[0,0],[-5.655,0],[0,0],[0,0],[0,0],[-0.001,5.655]],"v":[[22.027,20.81],[-22.027,20.81],[-32.266,10.571],[-32.266,-20.81],[32.267,-20.81],[32.267,10.571]],"c":true},"ix":2},"nm":"Caminho 1","mn":"ADBE Vector Shape - Group","hd":false},{"ty":"fl","c":{"a":0,"k":[0.980422375249,0.096572554345,0.108960656559,1],"ix":4},"o":{"a":0,"k":100,"ix":5},"r":1,"nm":"Preenchimento 1","mn":"ADBE Vector Graphic - Fill","hd":false},{"ty":"tr","p":{"a":0,"k":[228.96,407.443],"ix":2},"a":{"a":0,"k":[0,0],"ix":1},"s":{"a":0,"k":[100,100],"ix":3},"r":{"a":0,"k":0,"ix":6},"o":{"a":0,"k":100,"ix":7},"sk":{"a":0,"k":0,"ix":4},"sa":{"a":0,"k":0,"ix":5},"nm":"Transformar"}],"nm":"Grupo 17","np":2,"cix":2,"ix":17,"mn":"ADBE Vector Group","hd":false},{"ty":"gr","it":[{"ind":0,"ty":"sh","ix":1,"ks":{"a":0,"k":{"i":[[5.655,0],[0,0],[0,5.655],[0,0],[0,0],[0,0]],"o":[[0,0],[-5.655,0],[0,0],[0,0],[0,0],[-0.001,5.655]],"v":[[22.027,20.81],[-22.027,20.81],[-32.267,10.571],[-32.267,-20.81],[32.267,-20.81],[32.267,10.571]],"c":true},"ix":2},"nm":"Caminho 1","mn":"ADBE Vector Shape - Group","hd":false},{"ty":"fl","c":{"a":0,"k":[0.980422375249,0.096572554345,0.108960656559,1],"ix":4},"o":{"a":0,"k":100,"ix":5},"r":1,"nm":"Preenchimento 1","mn":"ADBE Vector Graphic - Fill","hd":false},{"ty":"tr","p":{"a":0,"k":[92.162,407.443],"ix":2},"a":{"a":0,"k":[0,0],"ix":1},"s":{"a":0,"k":[100,100],"ix":3},"r":{"a":0,"k":0,"ix":6},"o":{"a":0,"k":100,"ix":7},"sk":{"a":0,"k":0,"ix":4},"sa":{"a":0,"k":0,"ix":5},"nm":"Transformar"}],"nm":"Grupo 18","np":2,"cix":2,"ix":18,"mn":"ADBE Vector Group","hd":false},{"ty":"gr","it":[{"ind":0,"ty":"sh","ix":1,"ks":{"a":0,"k":{"i":[[8.285,0],[0,0],[0,21.993],[0,0],[-8.285,0],[0,-8.285],[0,0],[-5.449,0],[0,0],[0,-8.285]],"o":[[0,0],[-21.993,0],[0,0],[0,-8.285],[8.285,0],[0,0],[0,5.449],[0,0],[8.285,0],[0,8.285]],"v":[[56.786,59.779],[-31.9,59.779],[-71.785,19.894],[-71.785,-44.778],[-56.784,-59.779],[-41.783,-44.778],[-41.783,19.894],[-31.901,29.776],[56.785,29.776],[71.786,44.777]],"c":true},"ix":2},"nm":"Caminho 1","mn":"ADBE Vector Shape - Group","hd":false},{"ty":"fl","c":{"a":0,"k":[0.675596828087,0.87852489995,0.927169919481,1],"ix":4},"o":{"a":0,"k":100,"ix":5},"r":1,"nm":"Preenchimento 1","mn":"ADBE Vector Graphic - Fill","hd":false},{"ty":"tr","p":{"a":0,"k":[285.743,452.221],"ix":2},"a":{"a":0,"k":[0,0],"ix":1},"s":{"a":0,"k":[100,100],"ix":3},"r":{"a":0,"k":0,"ix":6},"o":{"a":0,"k":100,"ix":7},"sk":{"a":0,"k":0,"ix":4},"sa":{"a":0,"k":0,"ix":5},"nm":"Transformar"}],"nm":"Grupo 19","np":2,"cix":2,"ix":19,"mn":"ADBE Vector Group","hd":false},{"ty":"gr","it":[{"ind":0,"ty":"sh","ix":1,"ks":{"a":0,"k":{"i":[[8.285,0],[0,8.285],[0,0],[-8.285,0],[0,-8.285],[0,0]],"o":[[-8.285,0],[0,0],[0,-8.285],[8.285,0],[0,0],[0,8.285]],"v":[[0,56.237],[-15.001,41.236],[-15.001,-41.237],[0,-56.238],[15.001,-41.237],[15.001,41.236]],"c":true},"ix":2},"nm":"Caminho 1","mn":"ADBE Vector Shape - Group","hd":false},{"ty":"fl","c":{"a":0,"k":[0.675596828087,0.87852489995,0.927169919481,1],"ix":4},"o":{"a":0,"k":100,"ix":5},"r":1,"nm":"Preenchimento 1","mn":"ADBE Vector Graphic - Fill","hd":false},{"ty":"tr","p":{"a":0,"k":[92.162,448.68],"ix":2},"a":{"a":0,"k":[0,0],"ix":1},"s":{"a":0,"k":[100,100],"ix":3},"r":{"a":0,"k":0,"ix":6},"o":{"a":0,"k":100,"ix":7},"sk":{"a":0,"k":0,"ix":4},"sa":{"a":0,"k":0,"ix":5},"nm":"Transformar"}],"nm":"Grupo 20","np":2,"cix":2,"ix":20,"mn":"ADBE Vector Group","hd":false}],"ip":0,"op":120,"st":0,"bm":0}],"markers":[]}